url,price,currency,retailer_sku,datepulled,sku1,sku2,sku3,sku4
https://www.homedepot.com/p/Milwaukee-M18-FUEL-18V-Lithium-Ion-Brushless-Cordless-1-2-in-Compact-Impact-Wrench-PD-Kit-w-PO-SAE-Metric-Socket-Set-31-Piece-2855P-22R-49-66-6806/324154138,599,USD,,10/28/2025,2855P-22R,49-66-6806,,
https://www.homedepot.com/p/Milwaukee-1-3-8-in-High-Carbon-Steel-Universal-Fit-Wood-Cutting-Multi-Tool-Oscillating-Blade-1-Pack-49-25-1101/313769162,14.97,USD,,10/28/2025,49-25-1101,,,
https://www.homedepot.com/p/Milwaukee-1-7-8-in-Extension-Wand-for-Wet-Dry-Shop-Vacuums-1-Piece-49-90-1987/319228961,11.99,USD,,10/28/2025,49-90-1987,,,
https://www.homedepot.com/p/Milwaukee-1-7-8-in-Floor-Utility-Nozzle-for-Wet-Dry-Shop-Vacuums-1-Piece-49-90-2011/319231495,11.99,USD,,10/28/2025,49-90-2011,,,
https://www.homedepot.com/p/Milwaukee-1-2-in-x-50-ft-Inner-Core-Coupling-Cable-with-Rustguard-48-53-2774/303362044,209,USD,,10/28/2025,48-53-2774,,,
https://www.homedepot.com/p/Milwaukee-M18-18-Volt-Lithium-Ion-Cordless-100-ft-Inspection-Camera-Bare-Tool-2972-20/324810112,4239,USD,,10/28/2025,2972-20,,,
https://www.homedepot.com/p/RYOBI-ONE-18V-Cordless-Battery-1-Gal-Chemical-Sprayer-Tool-Only-P2800BTL/206485323,109,USD,,10/28/2025,P2800BTL,,,
https://www.homedepot.com/p/RYOBI-ONE-18V-Cordless-Battery-1-Gal-Chemical-Sprayer-with-2-0-Ah-Battery-and-Charger-P2810/206339956,109,USD,,10/28/2025,P2810,,,
https://www.homedepot.com/p/RYOBI-ONE-18V-1-Gal-Spreader-Tool-Only-P2402BTL/308848492,59.97,USD,,10/28/2025,P2402BTL,,,
https://www.homedepot.com/p/RYOBI-ONE-18V-Cordless-1-Gal-Wet-Dry-Vacuum-Tool-Only-PCL733B/320032946,49.97,USD,,10/28/2025,PCL733B,,,
https://www.homedepot.com/p/RYOBI-ONE-18V-Cordless-1-Gal-Wet-Dry-Vacuum-Kit-with-4-0Ah-Battery-and-Charger-PCL733K/323026898,149,USD,,10/28/2025,PCL733K,,,
https://www.homedepot.com/p/RYOBI-ONE-18V-Cordless-1-2-in-Drill-Driver-Kit-with-1-1-5-Ah-Battery-and-Charger-PCL206K1/317987598,59,USD,,10/28/2025,PCL206K1,,,
https://www.homedepot.com/p/RYOBI-ONE-18V-Cordless-1-2-in-Drill-Driver-Kit-with-2-1-5-Ah-Batteries-and-Charger-PCL206K2/317987592,99,USD,,10/28/2025,PCL206K2,,,
https://www.homedepot.com/p/RYOBI-ONE-18V-Cordless-1-2-in-Hammer-Drill-Tool-Only-PCL220B/317984935,79,USD,,10/28/2025,PCL220B,,,
https://www.homedepot.com/p/RYOBI-ONE-18V-Cordless-1-2-in-Impact-Wrench-Tool-Only-PCL265B/320222321,99,USD,,10/28/2025,PCL265B,,,
https://www.homedepot.com/p/RYOBI-ONE-18V-Cordless-1-2-in-Impact-Wrench-Kit-with-4-0-Ah-Battery-and-Charger-PCL265K1/320033027,99,USD,,10/28/2025,PCL265K1,,,
https://www.homedepot.com/p/RYOBI-ONE-18V-Cordless-1-4-Sheet-Sander-Tool-Only-PCL401B/318531842,59,USD,,10/28/2025,PCL401B,,,
https://www.homedepot.com/p/RYOBI-ONE-18V-Cordless-1-4-Sheet-Sander-Kit-with-4-0-Ah-Battery-and-Charger-PCL401K1/318531843,119,USD,,10/28/2025,PCL401K1,,,
https://www.homedepot.com/p/RYOBI-ONE-18V-Cordless-1-4-in-Impact-Driver-Tool-Only-PCL235B/318621812,59,USD,,10/28/2025,PCL235B,,,
https://www.homedepot.com/p/RYOBI-ONE-18V-Cordless-1-4-in-Impact-Drill-Driver-Kit-with-2-1-5-Ah-Batteries-and-Charger-PCL235K2/317987589,99,USD,,10/28/2025,PCL235K2,,,
https://www.homedepot.com/p/RYOBI-ONE-18V-Cordless-1-6-HP-Telescoping-Pole-Pump-with-2-0-Ah-Battery-and-Charger-RY20UP022K/320459389,189,USD,,10/28/2025,RY20UP022K,,,
https://www.homedepot.com/p/RYOBI-ONE-18V-Cordless-1-6-HP-Telescoping-Pole-Pump-with-2-0-Ah-Battery-and-Charger-RY20UP022K/320459389,189,USD,,10/28/2025,RY20UP022K,,,
https://www.homedepot.com/p/RYOBI-ONE-18V-Cordless-10-oz-Caulk-Adhesive-Gun-Tool-Only-PCL901B/318870486,79,USD,,10/28/2025,PCL901B,,,
https://www.homedepot.com/p/RYOBI-ONE-18V-Cordless-10-oz-Caulk-Adhesive-Gun-Kit-with-1-5-Ah-Battery-and-Charger-PCL901K1/320639503,119,USD,,10/28/2025,PCL901K1,,,
https://www.homedepot.com/p/RYOBI-ONE-18V-10-in-Single-Stage-Cordless-Electric-Snow-Shovel-Tool-Only-P2706BTL/321542325,109,USD,,10/28/2025,P2706BTL,,,
https://www.homedepot.com/p/RYOBI-ONE-18V-10-in-Cordless-Electric-Snow-Shovel-with-4-0-Ah-Battery-and-Charger-P2760/323302367,159,USD,,10/28/2025,P2760,,,
https://www.homedepot.com/p/RYOBI-ONE-18V-Cordless-10-Tool-Combo-Kit-with-1-1-5-Ah-Battery-and-2-4-0-Ah-Batteries-and-Charger-PCL2001K3N/320511074,539,USD,,10/28/2025,PCL2001K3N,,,
https://www.homedepot.com/p/RYOBI-ONE-18V-1000-Watt-Max-12-Volt-Automotive-Power-Inverter-RYi1030A/321001098,199,USD,,10/28/2025,RYi1030A,,,
https://www.homedepot.com/p/RYOBI-ONE-18V-10-in-Cordless-Battery-String-Trimmer-Edger-with-2-0-Ah-Battery-and-Charger-PCLST01K/319022710,79,USD,,10/28/2025,PCLST01K,,,
https://www.homedepot.com/p/RYOBI-ONE-18V-Cordless-10-in-Variable-Speed-Random-Orbit-Buffer-Tool-Only-PCL465B/320222353,59.97,USD,,10/28/2025,PCL465B,,,
https://www.homedepot.com/p/RYOBI-ONE-18V-Cordless-10-in-Variable-Speed-Random-Orbit-Buffer-Kit-with-4-0-Ah-Battery-and-Charger-PCL465K1/320639505,118.75,USD,,10/28/2025,PCL465K1,,,
https://www.homedepot.com/p/RYOBI-ONE-18V-Cordless-12-Tool-Combo-Kit-with-1-1-5-Ah-Battery-and-2-4-0-Ah-Batteries-and-Charger-PCL2200K3N/321520790,649,USD,,10/28/2025,PCL2200K3N,,,
https://www.homedepot.com/p/RYOBI-ONE-18V-120-Watt-12V-Automotive-Power-Inverter-with-Dual-USB-Ports-RYi120A/316452902,29.97,USD,,10/28/2025,RYi120A,,,
https://www.homedepot.com/p/RYOBI-ONE-18V-120-Watt-Cordless-Soldering-Iron-Topper-Tool-Only-PCL946B/320061541,59.97,USD,,10/28/2025,PCL946B,,,
https://www.homedepot.com/p/RYOBI-ONE-18V-120-Watt-Cordless-Soldering-Iron-Topper-Kit-with-1-5-Ah-Battery-and-Charger-PCL946K1/320549386,89,USD,,10/28/2025,PCL946K1,,,
https://www.homedepot.com/p/RYOBI-ONE-18V-12-0-Ah-HIGH-PERFORMANCE-Starter-Kit-with-ONE-8A-Rapid-Charger-PSK0112/326243416,269,USD,,10/28/2025,PSK0112,,,
https://www.homedepot.com/p/RYOBI-ONE-18V-13-in-Cordless-Battery-Walk-Behind-Push-Lawn-Mower-with-4-0-Ah-Battery-and-Charger-P1180/314468508,249,USD,,10/28/2025,P1180,,,
https://www.homedepot.com/p/RYOBI-ONE-18V-13-in-Cordless-Battery-String-Trimmer-with-2-0-Ah-Battery-and-Charger-P20150/314719324,99,USD,,10/28/2025,P20150,,,
https://www.homedepot.com/p/RYOBI-ONE-18V-13-in-Cordless-Battery-String-Trimmer-Edger-Tool-Only-P20018BTL/319370604,99,USD,,10/28/2025,P20018BTL,,,
https://www.homedepot.com/p/RYOBI-ONE-18V-13-in-Cordless-Battery-String-Trimmer-Edger-with-4-0-Ah-Battery-and-Charger-P20180/319022762,139,USD,,10/28/2025,P20180,,,
https://www.homedepot.com/p/RYOBI-18V-ONE-150-Watt-Portable-Battery-Inverter-Power-Source-and-Charger-for-18V-ONE-Batteries-Tool-Only-RYi150CBTA/321560207,79.97,USD,,10/28/2025,RYi150CBTA,,,
https://www.homedepot.com/p/RYOBI-18V-ONE-150-Watt-Portable-Battery-Inverter-Power-Source-and-Charger-for-18V-ONE-Batteries-Tool-Only-RYi150CBTA/321560207,79.97,USD,,10/28/2025,RYi150CBTA,,,
https://www.homedepot.com/p/RYOBI-ONE-18V-18-in-Cordless-Battery-Hedge-Trimmer-Tool-Only-P2607BTL/313045799,79.97,USD,,10/28/2025,P2607BTL,,,
https://www.homedepot.com/p/RYOBI-ONE-18V-18-in-Cordless-Battery-Hedge-Trimmer-with-1-5-Ah-Battery-and-Charger-P2670/312275367,99,USD,,10/28/2025,P2670,,,
https://www.homedepot.com/p/RYOBI-ONE-18V-18-in-Cordless-Battery-Pole-Hedge-Trimmer-with-2-0-Ah-Battery-and-Charger-P26100/316628500,169,USD,,10/28/2025,P26100,,,
https://www.homedepot.com/p/RYOBI-18V-ONE-1800-Watt-Portable-Battery-Inverter-Power-Station-8-Port-Charger-Tool-Only-RYI818BT/326468633,649,USD,,10/28/2025,RYI818BT,,,
https://www.homedepot.com/p/RYOBI-ONE-18V-Cordless-Battery-2-Gal-Chemical-Sprayer-Tool-Only-Includes-Extra-2-Gal-Replacement-Tank-P2803BTL-AC2GAL/324874048,122.75,USD,,10/28/2025,AC2GAL,,,
https://www.homedepot.com/p/RYOBI-ONE-18V-Cordless-Battery-2-Gal-Chemical-Sprayer-with-2-0-Ah-Battery-and-Charger-P2830/303365816,119,USD,,10/28/2025,P2830,,,
https://www.homedepot.com/p/RYOBI-ONE-18V-Cordless-2-1-2-in-Compact-Band-Saw-Tool-Only-P590/309389020,179,USD,,10/28/2025,P590,,,
https://www.homedepot.com/p/RYOBI-ONE-18V-Cordless-Grass-Shear-and-Shrubber-Trimmer-Tool-Only-P2908BTL/316627698,79,USD,,10/28/2025,P2908BTL,,,
https://www.homedepot.com/p/RYOBI-ONE-18V-Cordless-Grass-Shear-and-Shrubber-Trimmer-with-2-0-Ah-Battery-and-Charger-P2980/316491576,119,USD,,10/28/2025,P2980,,,
https://www.homedepot.com/p/RYOBI-ONE-18V-Cordless-Battery-String-Trimmer-Edger-and-Jet-Fan-Blower-Combo-Kit-2-Tools-with-4-0-Ah-Battery-and-Charger-PCLCK202K/327395158,199,USD,,10/28/2025,PCLCK202K,,,
https://www.homedepot.com/p/RYOBI-ONE-18V-Cordless-String-Trimmer-Edger-and-Blower-Sweeper-Combo-Kit-2-Tools-with-2-0-Ah-Battery-and-Charger-PCLCK201K/327354733,119,USD,,10/28/2025,PCLCK201K,,,
https://www.homedepot.com/p/RYOBI-ONE-18V-Cordless-2-Tool-Combo-Kit-with-Drill-Driver-Impact-Driver-2-1-5-Ah-Batteries-and-Charger-PCL1200K2/317987595,99,USD,,10/28/2025,PCL1200K2,,,
https://www.homedepot.com/p/RYOBI-ONE-18V-Cordless-2-Tool-Combo-Kit-with-Drill-Driver-Circular-Saw-2-1-5-Ah-Batteries-and-Charger-PCL1201K2/317987584,149,USD,,10/28/2025,PCL1201K2,,,
https://www.homedepot.com/p/RYOBI-ONE-18V-1-6-hp-Submersible-Pump-with-4Ah-Battery-and-Charger-P3020/324722546,199,USD,,10/28/2025,P3020,,,
https://www.homedepot.com/p/RYOBI-ONE-18V-22-in-Lithium-Ion-Cordless-Hedge-Trimmer-Tool-Only-P2609BTL/316628199,99,USD,,10/28/2025,P2609BTL,,,
https://www.homedepot.com/p/RYOBI-ONE-18V-22-in-Lithium-Ion-Cordless-Hedge-Trimmer-with-2-0-Ah-Battery-and-Charger-P2690/316628182,99,USD,,10/28/2025,P2690,,,
https://www.homedepot.com/p/RYOBI-ONE-18V-2-0-Ah-Lithium-Ion-Battery-PBP006/315039439,89,USD,,10/28/2025,PBP006,,,
https://www.homedepot.com/p/RYOBI-ONE-18V-Lithium-Ion-2-0-Ah-Compact-Battery-2-Pack-PBP2006/315112821,99,USD,,10/28/2025,PBP2006,,,
https://www.homedepot.com/p/RYOBI-ONE-18V-Lithium-Ion-2-0-Ah-Compact-Battery-and-Charger-Starter-Kit-PSK005/315112825,89,USD,,10/28/2025,PSK005,,,
https://www.homedepot.com/p/RYOBI-ONE-18V-HIGH-PERFORMANCE-Lithium-Ion-2-0-Ah-Compact-Battery-2-Pack-PBP2003/315112822,139,USD,,10/28/2025,PBP2003,,,
https://www.homedepot.com/p/RYOBI-ONE-18V-Cordless-Earth-Auger-with-3-in-Bit-2-0-Ah-Battery-and-Charger-P29160/325154034,189,USD,,10/28/2025,P29160,,,
https://www.homedepot.com/p/RYOBI-ONE-18V-Cordless-3-in-Variable-Speed-Detail-Polisher-Sander-Tool-Only-PBF102B/315595912,129,USD,,10/28/2025,PBF102B,,,
https://www.homedepot.com/p/RYOBI-ONE-18V-Cordless-3-3-8-in-Multi-Material-Plunge-Saw-Tool-Only-P555/312860144,99,USD,,10/28/2025,P555,,,
https://www.homedepot.com/p/RYOBI-ONE-18V-12-in-Cordless-Battery-3-in-1-Mower-String-Trimmer-and-Edger-Tool-Only-P20016BTL/317925441,149,USD,,10/28/2025,P20016BTL,,,
https://www.homedepot.com/p/RYOBI-ONE-18-Volt-12-in-Cordless-3-in-1-Trim-Mower-with-Extra-3-Pack-of-Spools-4-0-Ah-Battery-and-Charger-P20160-AC80RL3/324031566,230,USD,,10/28/2025,AC80RL3,,,
https://www.homedepot.com/p/RYOBI-ONE-18V-Compression-Drive-Cordless-3-8-in-Crown-Stapler-P317/307627868,79,USD,,10/28/2025,P317,,,
https://www.homedepot.com/p/RYOBI-ONE-18V-Cordless-3-8-in-Drill-Driver-Kit-with-1-5-Ah-Battery-and-Charger-PCL201K1/326680222,49.97,USD,,10/28/2025,PCL201K1,,,
https://www.homedepot.com/p/RYOBI-ONE-18V-Cordless-3-8-in-Impact-Wrench-Tool-Only-PCL250B/316879165,84.95,USD,,10/28/2025,PCL250B,,,
https://www.homedepot.com/p/RYOBI-ONE-18V-Cordless-3-8-in-3-Speed-Impact-Wrench-Tool-Only-P263/308182766,99,USD,,10/28/2025,P263,,,
https://www.homedepot.com/p/RYOBI-ONE-18V-Cordless-3-8-in-4-Position-Ratchet-Tool-Only-P344/312491503,89,USD,,10/28/2025,P344,,,
https://www.homedepot.com/p/RYOBI-ONE-18V-100-MPH-350-CFM-Cordless-Battery-Variable-Speed-Jet-Fan-Leaf-Blower-with-4-0-Ah-Battery-and-Charger-PCLLB01K/327717737,99,USD,,10/28/2025,PCLLB01K,,,
https://www.homedepot.com/p/RYOBI-ONE-18V-Cordless-360-Light-Tool-Only-PCL632B/329442553,99,USD,,10/28/2025,PCL632B,,,
https://www.homedepot.com/p/RYOBI-ONE-18V-Cordless-Battery-4-Gal-Backpack-Chemical-Sprayer-with-2-0-Ah-Battery-and-Charger-P2860/314259313,199,USD,,10/28/2025,P2860,,,
https://www.homedepot.com/p/RYOBI-ONE-18V-Cordless-4-in-Clamp-Fan-Tool-Only-PCF02B/315493213,29.97,USD,,10/28/2025,PCF02B,,,
https://www.homedepot.com/p/RYOBI-ONE-18V-Cordless-4-1-2-in-Angle-Grinder-Tool-Only-PCL445B/318696913,59.97,USD,,10/28/2025,PCL445B,,,
https://www.homedepot.com/p/RYOBI-ONE-18V-Cordless-4-1-2-in-Angle-Grinder-Kit-with-4-0-Ah-Battery-and-Charger-PCL445K1/320526004,119.9,USD,,10/28/2025,PCL445K1,,,
https://www.homedepot.com/p/RYOBI-ONE-18V-Cordless-4-Tool-Combo-Kit-with-1-5-Ah-Battery-4-0-Ah-Battery-and-Charger-PCL1400K2/317987600,169,USD,,10/28/2025,PCL1400K2,,,
https://www.homedepot.com/p/RYOBI-ONE-18V-Hybrid-Soldering-Station-Tool-Only-P3100/305124211,79,USD,,10/28/2025,P3100,,,
https://www.homedepot.com/p/RYOBI-ONE-18V-4-0-Ah-Lithium-Ion-Battery-PBP005/315039438,99,USD,,10/28/2025,PBP005,,,
https://www.homedepot.com/p/RYOBI-ONE-18V-Lithium-Ion-4-0-Ah-Battery-2-Pack-PBP2005/316767033,99,USD,,10/28/2025,PBP2005,,,
https://www.homedepot.com/p/RYOBI-ONE-18V-HIGH-PERFORMANCE-Lithium-Ion-4-0-Ah-Battery-2-Pack-PBP2004/315112817,199,USD,,10/28/2025,PBP2004,,,
https://www.homedepot.com/p/RYOBI-ONE-18V-HIGH-PERFORMANCE-Starter-Kit-with-4-0-Ah-Battery-and-Charger-PSK014/322627164,129,USD,,10/28/2025,PSK014,,,
https://www.homedepot.com/p/RYOBI-ONE-18V-4-0-Ah-Lithium-Ion-HIGH-PERFORMANCE-Battery-PBP004/315039435,119,USD,,10/28/2025,PBP004,,,
https://www.homedepot.com/p/RYOBI-ONE-18V-Cordless-5-in-Random-Orbit-Sander-Tool-Only-PCL406B/318531838,59.97,USD,,10/28/2025,PCL406B,,,
https://www.homedepot.com/p/RYOBI-ONE-18V-Cordless-5-in-Random-Orbit-Sander-Kit-with-4-0-Ah-Battery-and-Charger-PCL406K1/318531839,119,USD,,10/28/2025,PCL406K1,,,
https://www.homedepot.com/p/RYOBI-ONE-18V-5-in-Variable-Speed-Dual-Action-Polisher-Tool-Only-PBF100B/314110758,159,USD,,10/28/2025,PBF100B,,,
https://www.homedepot.com/p/RYOBI-ONE-18V-Cordless-5-1-2-in-Circular-Saw-Tool-Only-PCL500B/317987588,59.97,USD,,10/28/2025,PCL500B,,,
https://www.homedepot.com/p/RYOBI-ONE-18V-5-5in-Cordless-Flooring-Saw-with-Blade-Tool-Only-PGC21B/317310232,169,USD,,10/28/2025,PGC21B,,,
https://www.homedepot.com/p/RYOBI-ONE-18V-Cordless-6-1-2-in-Circular-Saw-Kit-with-4-0-Ah-Battery-and-18V-Charger-P507K1/319229610,159,USD,,10/28/2025,P507K1,,,
https://www.homedepot.com/p/RYOBI-ONE-18V-Cordless-6-Gal-Wet-Dry-Vacuum-Tool-Only-PCL735B/322603585,149,USD,,10/28/2025,PCL735B,,,
https://www.homedepot.com/p/RYOBI-ONE-18V-Cordless-6-Gal-Wet-Dry-Vacuum-Kit-with-4-0-Ah-Battery-and-18V-Charger-PCL735K/323046924,169,USD,,10/28/2025,PCL735K,,,
https://www.homedepot.com/p/RYOBI-ONE-18V-6-in-Cordless-Battery-Compact-Pruning-Mini-Chainsaw-with-2-0-Ah-Battery-and-Charger-PCLCW01K/328174062,129,USD,,10/28/2025,PCLCW01K,,,
https://www.homedepot.com/p/RYOBI-ONE-18V-Cordless-6-in-Two-Speed-Random-Orbit-Buffer-Tool-Only-PCL460B/320871077,44.97,USD,,10/28/2025,PCL460B,,,
https://www.homedepot.com/p/RYOBI-ONE-18V-Lithium-Ion-2-0-Ah-Compact-Battery-2-Pack-with-6-Port-Charger-PBP2006-PCG006/321350411,119,USD,,10/28/2025,PCG006,,,
https://www.homedepot.com/p/RYOBI-ONE-18V-Cordless-6-Tool-Combo-Kit-with-1-5-Ah-Battery-4-0-Ah-Battery-and-Charger-PCL1600K2/317987591,199,USD,,10/28/2025,PCL1600K2,,,
https://www.homedepot.com/p/RYOBI-ONE-HP-18V-6-0-Ah-Lithium-Ion-HIGH-PERFORMANCE-Battery-and-Charger-Starter-Kit-PSK016/325557950,179,USD,,10/28/2025,PSK016,,,
https://www.homedepot.com/p/RYOBI-ONE-18V-6-0-Ah-Lithium-Ion-HIGH-PERFORMANCE-Battery-PBP007/315039437,139,USD,,10/28/2025,PBP007,,,
https://www.homedepot.com/p/RYOBI-ONE-18V-8-in-Cordless-Cultivator-with-4-0-Ah-Battery-and-Charger-P2750/315497440,279,USD,,10/28/2025,P2750,,,
https://www.homedepot.com/p/RYOBI-ONE-18V-8-in-Cordless-Oil-Free-Pole-Saw-with-1-5-Ah-Battery-and-Charger-P2510/319723808,159,USD,,10/28/2025,P2510,,,
https://www.homedepot.com/p/RYOBI-ONE-18V-Cordless-8-Tool-Combo-Kit-with-1-1-5-Ah-Battery-and-2-4-0-Ah-Batteries-and-Charger-PCL1800K3N/320511079,379,USD,,10/28/2025,PCL1800K3N,,,
https://www.homedepot.com/p/RYOBI-ONE-18V-800-Watt-Max-12V-Automotive-Power-Inverter-with-Dual-USB-Ports-RYi8030A/316453021,149,USD,,10/28/2025,RYi8030A,,,
https://www.homedepot.com/p/RYOBI-ONE-18V-8A-Rapid-Charger-PCG008/325353586,89,USD,,10/28/2025,PCG008,,,
https://www.homedepot.com/p/RYOBI-ONE-18V-8-0-Ah-Lithium-Ion-HIGH-PERFORMANCE-Battery-PBP1008/325353496,179,USD,,10/28/2025,PBP1008,,,
https://www.homedepot.com/p/RYOBI-ONE-18V-AirStrike-16-Gauge-Cordless-Finish-Nailer-Tool-Only-P326/315854773,149,USD,,10/28/2025,P326,,,
https://www.homedepot.com/p/RYOBI-ONE-18V-18-Gauge-Cordless-AirStrike-Brad-Nailer-Tool-Only-P321/315855110,99,USD,,10/28/2025,P321,,,
https://www.homedepot.com/p/RYOBI-ONE-18V-18-Gauge-Cordless-AirStrike-Brad-Nailer-with-4-0-Ah-Battery-and-Charger-P321K1/326480109,169,USD,,10/28/2025,P321K1,,,
https://www.homedepot.com/p/RYOBI-ONE-18V-18-Gauge-Cordless-AirStrike-Narrow-Crown-Stapler-Tool-Only-P361/315771443,169,USD,,10/28/2025,P361,,,
https://www.homedepot.com/p/RYOBI-ONE-18V-Cordless-Airstrike-23-Gauge-Pin-Nailer-Tool-Only-PCL310B/327475238,159,USD,,10/28/2025,PCL310B,,,
https://www.homedepot.com/p/RYOBI-ONE-HP-18V-Cordless-Handheld-Wet-Dry-Masonry-Tile-Saw-Tool-Only-PBLHTS01B/325311551,179,USD,,10/28/2025,PBLHTS01B,,,
https://www.homedepot.com/p/RYOBI-ONE-18V-Cordless-5-Gal-Wet-Dry-Vacuum-Kit-w-1-1-4-in-Hose-Crevice-Tool-4-0-Ah-Battery-Charger-Filter-Bags-4Pk-PCL732K-A32RF09/329013187,135.96,USD,,10/28/2025,A32RF09,,,
https://www.homedepot.com/p/RYOBI-ONE-18-Volt-Cordless-Bug-Zapper-Tool-Only-P29014BTL/320011852,99.97,USD,,10/28/2025,P29014BTL,,,
https://www.homedepot.com/p/RYOBI-ONE-18-Volt-Cordless-Bug-Zapper-with-2-0-Ah-Battery-and-Charger-P29140/322588253,149,USD,,10/28/2025,P29140,,,
https://www.homedepot.com/p/RYOBI-ONE-18V-Lithium-Ion-Charger-PCG002/317225006,34.97,USD,,10/28/2025,PCG002,,,
https://www.homedepot.com/p/RYOBI-ONE-18V-Cordless-3-Tool-Campers-Kit-with-Area-Light-Bluetooth-Speaker-4-in-Clamp-Fan-1-5-Ah-Battery-and-Charger-PCL1303K1/317325250,133.79,USD,,10/28/2025,PCL1303K1,,,
https://www.homedepot.com/p/RYOBI-ONE-18V-Cordless-Compact-Battery-Cultivator-with-2-0-Ah-Battery-and-Charger-P2990/320454525,149,USD,,10/28/2025,P2990,,,
https://www.homedepot.com/p/RYOBI-ONE-18V-Cordless-Compact-Glue-Gun-Tool-Only-P306/313948121,34.97,USD,,10/28/2025,P306,,,
https://www.homedepot.com/p/RYOBI-ONE-18V-Cordless-Compact-Glue-Gun-Kit-with-1-5-Ah-Battery-and-18V-Charger-P306K1/320095883,49.97,USD,,10/28/2025,P306K1,,,
https://www.homedepot.com/p/RYOBI-ONE-18V-Cordless-Compact-Fixed-Base-Router-Tool-Only-PCL424B/320033032,99,USD,,10/28/2025,PCL424B,,,
https://www.homedepot.com/p/RYOBI-ONE-18V-Cordless-Compact-Router-Kit-with-2-0-Ah-Battery-and-Charger-PCL424K1/320639499,119,USD,,10/28/2025,PCL424K1,,,
https://www.homedepot.com/p/RYOBI-ONE-18V-Cordless-Compact-Workshop-Blower-Tool-Only-P755/301289973,59.97,USD,,10/28/2025,P755,,,
https://www.homedepot.com/p/RYOBI-ONE-18V-Cordless-Corner-Cat-Finish-Sander-Tool-Only-PCL416B/318531835,49.97,USD,,10/28/2025,PCL416B,,,
https://www.homedepot.com/p/RYOBI-ONE-18V-Cordless-2-Tool-Combo-Kit-with-Corner-Cat-Finish-Sander-5-in-Random-Orbit-Sander-4-0-Ah-Battery-and-Charger-PCL416K1-PCL406B/320688453,159,USD,,10/28/2025,PCL406B,,,
https://www.homedepot.com/p/RYOBI-ONE-18V-Cordless-Cut-Out-Tool-Tool-Only-PCL540B/320222332,59,USD,,10/28/2025,PCL540B,,,
https://www.homedepot.com/p/RYOBI-ONE-18V-Cut-Out-Tool-Kit-with-1-5-Ah-Battery-and-Charger-PCL540K1/320639506,85.93,USD,,10/28/2025,PCL540K1,,,
https://www.homedepot.com/p/RYOBI-ONE-18V-Drain-Auger-Tool-Only-P4001/206405601,88.19,USD,,10/28/2025,P4001,,,
https://www.homedepot.com/p/RYOBI-ONE-18V-Cordless-Dual-Function-Inflator-Deflator-Tool-Only-PCL031B/326666980,39.97,USD,,10/28/2025,PCL031B,,,
https://www.homedepot.com/p/RYOBI-ONE-18V-Dual-Function-Inflator-Kit-with-2-0Ah-Battery-and-Charger-PCL031K1/326781669,99,USD,,10/28/2025,PCL031K1,,,
https://www.homedepot.com/p/RYOBI-ONE-18V-Cordless-Dual-Temperature-Glue-Gun-w-10-Glue-Sticks-Tool-Only-P307/315309751,64.97,USD,,10/28/2025,P307,,,
https://www.homedepot.com/p/RYOBI-ONE-18V-Cordless-Dual-Temperature-Glue-Gun-Kit-w-2-0-Ah-Battery-18V-Lithium-Ion-Charger-and-24-Full-Size-Glue-Sticks-P307K1N-A1932402/321367838,107.28,USD,,10/28/2025,A1932402,,,
https://www.homedepot.com/p/RYOBI-ONE-18V-Dual-Port-Simultaneous-Charger-PCG005/320222340,79,USD,,10/28/2025,PCG005,,,
https://www.homedepot.com/p/RYOBI-ONE-18V-9-in-Cordless-Battery-Edger-Tool-Only-P2300BTL/206481859,99,USD,,10/28/2025,P2300BTL,,,
https://www.homedepot.com/p/RYOBI-ONE-18V-9-in-Cordless-Battery-Edger-with-2-0-Ah-Battery-and-Charger-P2310/206339957,129,USD,,10/28/2025,P2310,,,
https://www.homedepot.com/p/RYOBI-ONE-18V-Fast-Charger-PCG004/319310886,49.97,USD,,10/28/2025,PCG004,,,
https://www.homedepot.com/p/RYOBI-ONE-18V-Cordless-Battery-Garden-Hoe-with-2-0-Ah-Battery-and-Charger-P29130/324508287,199,USD,,10/28/2025,P29130,,,
https://www.homedepot.com/p/RYOBI-ONE-18V-Cordless-Glue-Gun-Kit-with-2-0-Ah-Battery-and-Charger-PCL921K1/326278316,89.93,USD,,10/28/2025,PCL921K1,,,
https://www.homedepot.com/p/RYOBI-ONE-18V-Cordless-Multi-Surface-Handheld-Vacuum-Tool-Only-PCL705B/319127159,39.97,USD,,10/28/2025,PCL705B,,,
https://www.homedepot.com/p/RYOBI-ONE-18V-Cordless-Multi-Surface-Handheld-Vacuum-Kit-with-2-0-Ah-Battery-and-Charger-PCL705K/319127257,84.97,USD,,10/28/2025,PCL705K,,,
https://www.homedepot.com/p/RYOBI-ONE-18V-Cordless-Heat-Gun-Tool-Only-P3150/306925921,79,USD,,10/28/2025,P3150,,,
https://www.homedepot.com/p/RYOBI-ONE-18V-Cordless-Heat-Pen-Kit-with-2-0-Ah-Battery-and-Charger-PCL916K1/325310816,99.97,USD,,10/28/2025,PCL916K1,,,
https://www.homedepot.com/p/RYOBI-ONE-18V-Cordless-High-Pressure-Inflator-Tool-Only-PCL001B/327406129,24.97,USD,,10/28/2025,PCL001B,,,
https://www.homedepot.com/p/RYOBI-ONE-18V-Cordless-High-Pressure-Inflator-Kit-with-2-0-Ah-Battery-and-Charger-PCL001K1/326781687,64.97,USD,,10/28/2025,PCL001K1,,,
https://www.homedepot.com/p/RYOBI-ONE-HP-18V-Brushless-15-in-Attachment-Capable-String-Trimmer-with-6-0-Ah-Battery-and-Charger-P20220/319098444,199,USD,,10/28/2025,P20220,,,
https://www.homedepot.com/p/RYOBI-ONE-HP-18V-Brushless-Cordless-7-1-4-in-Circular-Saw-Kit-with-4-0-Ah-Battery-Charger-and-4-Piece-Replacement-Blades-PBLCS300K1-A067401/320251278,223.98,USD,,10/28/2025,A067401,,,
https://www.homedepot.com/p/RYOBI-18V-ONE-HP-Advanced-WHISPER-Series-Stick-Vacuum-Tool-Only-PBLSV719B/327599172,299,USD,,10/28/2025,PBLSV719B,,,
https://www.homedepot.com/p/RYOBI-ONE-HP-18V-Cordless-Advanced-WHISPER-Series-Stick-Vacuum-Kit-with-4-0-Ah-Battery-and-Charger-PBLSV719K/327657350,379,USD,,10/28/2025,PBLSV719K,,,
https://www.homedepot.com/p/RYOBI-ONE-HP-18V-Brushless-Cordless-3-Gal-Backpack-Fogger-Sprayer-Tool-Only-P2808BTL/316754150,299,USD,,10/28/2025,P2808BTL,,,
https://www.homedepot.com/p/RYOBI-ONE-HP-18V-Brushless-Cordless-1-2-in-Hammer-Drill-Tool-Only-PBLHM101B/314109445,129,USD,,10/28/2025,PBLHM101B,,,
https://www.homedepot.com/p/RYOBI-ONE-18V-HP-1-2-in-Brushless-Cordless-Mud-Mixer-Tool-Only-PBLMM01B/324536943,199,USD,,10/28/2025,PBLMM01B,,,
https://www.homedepot.com/p/RYOBI-ONE-HP-18V-Brushless-Cordless-1-4-in-Extended-Reach-Ratchet-Tool-Only-PBLRC01B/316631066,169,USD,,10/28/2025,PBLRC01B,,,
https://www.homedepot.com/p/RYOBI-ONE-HP-18V-Brushless-Cordless-1-4-in-Impact-Driver-Tool-Only-PBLID01B/315038556,89,USD,,10/28/2025,PBLID01B,,,
https://www.homedepot.com/p/RYOBI-ONE-HP-18V-Brushless-10-in-Battery-Chainsaw-Tool-Only-P2502BTL/314883500,179,USD,,10/28/2025,P2502BTL,,,
https://www.homedepot.com/p/RYOBI-ONE-HP-18V-Brushless-Cordless-10-in-Sliding-Compound-Miter-Saw-Tool-Only-PBLMS01B/319830427,299,USD,,10/28/2025,PBLMS01B,,,
https://www.homedepot.com/p/RYOBI-ONE-HP-18V-Brushless-Cordless-10-in-Sliding-Compound-Miter-Saw-Kit-with-4-0-Ah-HIGH-PERFORMANCE-Battery-and-Charger-PBLMS01K/319830428,349,USD,,10/28/2025,PBLMS01K,,,
https://www.homedepot.com/p/RYOBI-ONE-HP-18V-Brushless-Whisper-Series-15-in-Cordless-Battery-String-Trimmer-Tool-Only-P20019BTL/319368074,139,USD,,10/28/2025,P20019BTL,,,
https://www.homedepot.com/p/RYOBI-ONE-HP-18V-Brushless-Whisper-Series-15-in-Cordless-Battery-String-Trimmer-with-6-0-Ah-Battery-and-Charger-P20190/319022468,219,USD,,10/28/2025,P20190,,,
https://www.homedepot.com/p/RYOBI-ONE-HP-18V-Brushless-16-in-Cordless-Battery-Walk-Behind-Push-Lawn-Mower-with-2-4-0-Ah-Batteries-and-1-Charger-P1190/314600700,299,USD,,10/28/2025,P1190,,,
https://www.homedepot.com/p/RYOBI-18V-HP-Brushless-18-in-Single-Stage-Cordless-Electric-Snow-Blower-with-2-6-0-Ah-Batteries-and-Chargers-PBLSN01K/335145059,499,USD,,10/28/2025,PBLSN01K,,,
https://www.homedepot.com/p/RYOBI-ONE-HP-18V-Brushless-Cordless-Battery-15-in-String-Trimmer-510-CFM-Leaf-Blower-Combo-Kit-w-4-0-Ah-Battery-Charger-PBLCK201K/328692838,279,USD,,10/28/2025,PBLCK201K,,,
https://www.homedepot.com/p/RYOBI-ONE-HP-18V-Brushless-20-in-Cordless-Battery-Walk-Behind-Self-Propelled-Lawn-Mower-w-2-6-0-Ah-Batteries-and-Chargers-PBLLM05K2/331594975,459,USD,,10/28/2025,PBLLM05K2,,,
https://www.homedepot.com/p/RYOBI-ONE-HP-18V-Brushless-24-in-Cordless-Battery-Hedge-Trimmer-Tool-Only-PBLHG01B/331977257,139,USD,,10/28/2025,PBLHG01B,,,
https://www.homedepot.com/p/RYOBI-ONE-HP-18V-Brushless-24-in-Cordless-Battery-Hedge-Trimmer-with-2-0-Ah-Battery-and-Charger-PBLHG01K/332712742,199,USD,,10/28/2025,PBLHG01K,,,
https://www.homedepot.com/p/RYOBI-ONE-HP-18V-Brushless-Cordless-3-8-in-Extended-Reach-Ratchet-Tool-Only-PBLRC25B/316631068,169,USD,,10/28/2025,PBLRC25B,,,
https://www.homedepot.com/p/RYOBI-ONE-HP-18V-Brushless-Cordless-30-Framing-Nailer-Kit-with-4-0-Ah-HIGH-PERFORMANCE-Battery-and-Charger-PBL350K/326737668,389,USD,,10/28/2025,PBL350K,,,
https://www.homedepot.com/p/RYOBI-ONE-HP-18V-Brushless-Cordless-4-1-2-in-Angle-Grinder-Tool-Only-PBLAG02B/329236767,119,USD,,10/28/2025,PBLAG02B,,,
https://www.homedepot.com/p/RYOBI-ONE-HP-18V-Brushless-Cordless-4-Mode-1-2-in-High-Torque-Impact-Wrench-Tool-Only-PBLIW01B/317438520,219,USD,,10/28/2025,PBLIW01B,,,
https://www.homedepot.com/p/RYOBI-ONE-HP-18V-Brushless-Cordless-4-Mode-1-2-in-High-Torque-Impact-Wrench-Kit-with-2-4-0-Ah-Batteries-and-Charger-PBLIW01K2/325012085,219,USD,,10/28/2025,PBLIW01K2,,,
https://www.homedepot.com/p/RYOBI-ONE-18V-Brushless-Cordless-4-Mode-1-2-in-High-Torque-Impact-Wrench-Kit-with-4-0-Battery-and-Charger-PBLIW01K1/316879157,149,USD,,10/28/2025,PBLIW01K1,,,
https://www.homedepot.com/p/RYOBI-ONE-HP-18V-Brushless-Cordless-4-Mode-1-2-in-Impact-Wrench-Tool-Only-P262/314109271,179,USD,,10/28/2025,P262,,,
https://www.homedepot.com/p/RYOBI-ONE-HP-18V-Brushless-Cordless-4-Mode-1-2-in-Impact-Wrench-Kit-w-4-0-Ah-HIGH-PERFORMANCE-Lithium-Ion-Battery-Charger-P262K1/317701837,279,USD,,10/28/2025,P262K1,,,
https://www.homedepot.com/p/RYOBI-ONE-HP-18V-Brushless-Cordless-1-4-in-4-Mode-Impact-Driver-Tool-Only-PBLID02B/314109535,119,USD,,10/28/2025,PBLID02B,,,
https://www.homedepot.com/p/RYOBI-ONE-HP-18V-Brushless-Cordless-5-in-Random-Orbit-Sander-Tool-Only-PBLSD01B/327714740,129,USD,,10/28/2025,PBLSD01B,,,
https://www.homedepot.com/p/RYOBI-ONE-HP-18V-Brushless-Cordless-5-Tool-Combo-Kit-with-4-0-Ah-and-2-0-Ah-HIGH-PERFORMANCE-Batteries-Charger-and-Bag-PBLCK105K2/319654472,367.08,USD,,10/28/2025,PBLCK105K2,,,
https://www.homedepot.com/p/RYOBI-ONE-HP-18V-Brushless-Whisper-Series-130-MPH-510-CFM-Cordless-Battery-Leaf-Blower-with-6-0-Ah-Battery-and-Charger-PBLLB01K/328358137,179,USD,,10/28/2025,PBLLB01K,,,
https://www.homedepot.com/p/RYOBI-ONE-HP-18V-Brushless-Cordless-Earth-Auger-with-6-in-Bit-with-4-0-Ah-Battery-and-Charger-P2930/315205052,329,USD,,10/28/2025,P2930,,,
https://www.homedepot.com/p/RYOBI-ONE-HP-18V-Brushless-Cordless-6-1-2-in-Track-Saw-Tool-Only-PTS01B/319830383,329,USD,,10/28/2025,PTS01B,,,
https://www.homedepot.com/p/RYOBI-ONE-HP-18V-Brushless-Cordless-6-1-2-in-Track-Saw-Kit-with-4-0-Ah-HIGH-PERFORMANCE-Battery-and-Charger-PTS01K/319830384,399,USD,,10/28/2025,PTS01K,,,
https://www.homedepot.com/p/RYOBI-ONE-HP-18V-Brushless-Cordless-7-1-4-in-Circular-Saw-Tool-Only-PBLCS302B/331725327,139,USD,,10/28/2025,PBLCS302B,,,
https://www.homedepot.com/p/RYOBI-ONE-HP-18V-Brushless-Cordless-8-1-4-in-Compact-Portable-Jobsite-Table-Saw-Kit-with-2-4-0-Ah-Batteries-and-Charger-PBLTS01K/319830447,399,USD,,10/28/2025,PBLTS01K,,,
https://www.homedepot.com/p/RYOBI-ONE-HP-18V-18-Gauge-Brushless-Cordless-AirStrike-Brad-Nailer-Tool-Only-P322/318730711,189,USD,,10/28/2025,P322,,,
https://www.homedepot.com/p/RYOBI-ONE-HP-18V-18-Gauge-Brushless-Cordless-AirStrike-Brad-Nailer-Kit-with-4-0-Ah-Battery-and-Charger-P322K/320812474,199,USD,,10/28/2025,P322K,,,
https://www.homedepot.com/p/RYOBI-ONE-HP-18V-Brushless-Cordless-AirStrike-21-Framing-Nailer-Tool-Only-PBL345B/320562056,299,USD,,10/28/2025,PBL345B,,,
https://www.homedepot.com/p/RYOBI-ONE-HP-18V-Brushless-Cordless-AirStrike-30-Framing-Nailer-Tool-Only-PBL350B/320562058,299,USD,,10/28/2025,PBL350B,,,
https://www.homedepot.com/p/RYOBI-ONE-HP-18V-Brushless-Cordless-Compact-Cut-Off-Tool-Kit-with-1-5-Ah-Battery-and-18V-Charger-PSBCS02K/314003910,159,USD,,10/28/2025,PSBCS02K,,,
https://www.homedepot.com/p/RYOBI-ONE-HP-18V-Brushless-Cordless-Rotary-Tool-Tool-Only-PBLRT01B/319064831,112.88,USD,,10/28/2025,PBLRT01B,,,
https://www.homedepot.com/p/RYOBI-ONE-HP-18V-Brushless-Cordless-Rotary-Tool-Kit-with-2-0-Ah-HIGH-PERFORMANCE-Battery-and-Charger-PBLRT01K1/318584785,159,USD,,10/28/2025,PBLRT01K1,,,
https://www.homedepot.com/p/RYOBI-ONE-HP-18V-Brushless-14-in-Cordless-Battery-Dethatcher-Aerator-with-2-4-0-Ah-Batteries-and-Charger-P2740/317623890,459,USD,,10/28/2025,P2740,,,
https://www.homedepot.com/p/RYOBI-ONE-HP-18V-Brushless-Edger-Tool-Only-P2302BTL/324764220,159,USD,,10/28/2025,P2302BTL,,,
https://www.homedepot.com/p/RYOBI-ONE-HP-18V-Brushless-Edger-with-4-0-Ah-Battery-and-Charger-P2312/324764218,219,USD,,10/28/2025,P2312,,,
https://www.homedepot.com/p/RYOBI-ONE-HP-18V-Brushless-Cordless-1-2-in-Hammer-Drill-and-1-4-in-4-Mode-Impact-Driver-Kit-w-2-Batteries-Charger-Bag-PBLCK02K/314109383,229,USD,,10/28/2025,PBLCK02K,,,
https://www.homedepot.com/p/RYOBI-ONE-HP-18V-Brushless-Cordless-Jig-Saw-Tool-Only-PBLJS01B/314109552,119,USD,,10/28/2025,PBLJS01B,,,
https://www.homedepot.com/p/RYOBI-ONE-HP-18V-Brushless-Cordless-Jigsaw-Kit-with-2-0-Ah-HIGH-PERFORMANCE-Battery-and-Charger-PBLJS01K1/317804041,159,USD,,10/28/2025,PBLJS01K1,,,
https://www.homedepot.com/p/RYOBI-ONE-HP-18V-Brushless-Cordless-Oscillating-Multi-Tool-Tool-Only-PBLMT51B/327055449,129,USD,,10/28/2025,PBLMT51B,,,
https://www.homedepot.com/p/RYOBI-ONE-HP-18V-Brushless-Cordless-Multi-Tool-Kit-with-2-0-Ah-Battery-and-Charger-PBLMT51K1/327714572,189,USD,,10/28/2025,PBLMT51K1,,,
https://www.homedepot.com/p/RYOBI-ONE-HP-18V-Brushless-Cordless-Reciprocating-Saw-Tool-Only-PBLRS01B/314109589,116.64,USD,,10/28/2025,PBLRS01B,,,
https://www.homedepot.com/p/RYOBI-ONE-HP-18V-Brushless-Cordless-Reciprocating-Saw-Tool-Only-PBLRS02B/331725317,119,USD,,10/28/2025,PBLRS02B,,,
https://www.homedepot.com/p/RYOBI-ONE-HP-18V-Brushless-Whisper-Series-12-in-Battery-Chainsaw-Tool-Only-P2507BTL/318681412,199,USD,,10/28/2025,P2507BTL,,,
https://www.homedepot.com/p/RYOBI-ONE-HP-18V-Brushless-Whisper-Series-12-in-Battery-Chainsaw-with-6-0-Ah-Battery-and-Charger-P2570/317374464,249,USD,,10/28/2025,P2570,,,
https://www.homedepot.com/p/RYOBI-ONE-HP-18V-Brushless-Whisper-Series-130-MPH-450-CFM-Cordless-Battery-Leaf-Blower-Tool-Only-P21014BTL/317311675,159,USD,,10/28/2025,P21014BTL,,,
https://www.homedepot.com/p/RYOBI-ONE-HP-18V-Brushless-Whisper-Series-Cordless-Battery-8-in-Pole-Saw-Tool-Only-P2508BTL/319690647,199,USD,,10/28/2025,P2508BTL,,,
https://www.homedepot.com/p/RYOBI-ONE-HP-18V-Brushless-Cordless-Compact-1-4-in-Right-Angle-Die-Grinder-Tool-Only-PSBDG01B/316615952,112.8,USD,,10/28/2025,PSBDG01B,,,
https://www.homedepot.com/p/RYOBI-ONE-HP-18V-Brushless-Cordless-Compact-1-4-in-Right-Angle-Grinder-Kit-with-4-0-Ah-Battery-and-Charger-PSBDG01K/316615962,188.76,USD,,10/28/2025,PSBDG01K,,,
https://www.homedepot.com/p/RYOBI-ONE-HP-18V-Brushless-Cordless-Compact-1-2-in-Drill-and-Impact-Driver-Kit-with-2-1-5-Ah-Batteries-Charger-and-Bag-PSBCK102K2/326415387,129,USD,,10/28/2025,PSBCK102K2,,,
https://www.homedepot.com/p/RYOBI-ONE-HP-18V-Brushless-Cordless-220-CFM-140-MPH-Compact-Leaf-Blower-with-4-0-Ah-Battery-Charger-PSBLB01K/327962781,149,USD,,10/28/2025,PSBLB01K,,,
https://www.homedepot.com/p/RYOBI-ONE-HP-18V-Brushless-Cordless-Compact-3-8-in-Right-Angle-Drill-Tool-Only-PSBRA02B/313438681,119,USD,,10/28/2025,PSBRA02B,,,
https://www.homedepot.com/p/RYOBI-ONE-HP-18V-Brushless-Cordless-Compact-1-2-in-4-Mode-Impact-Wrench-Tool-Only-PSBIW25B/321304392,139,USD,,10/28/2025,PSBIW25B,,,
https://www.homedepot.com/p/RYOBI-ONE-HP-18V-Brushless-Cordless-Compact-3-8-in-Impact-Wrench-Tool-Only-PSBIW01B/313438689,119,USD,,10/28/2025,PSBIW01B,,,
https://www.homedepot.com/p/RYOBI-ONE-HP-18V-Brushless-Cordless-Compact-5-8-in-SDS-Rotary-Hammer-Tool-Only-PSBRH01B/319962924,149,USD,,10/28/2025,PSBRH01B,,,
https://www.homedepot.com/p/RYOBI-ONE-HP-18V-Brushless-Cordless-Compact-6-1-2-in-Circular-Saw-Tool-Only-PSBCS01B/320033040,99,USD,,10/28/2025,PSBCS01B,,,
https://www.homedepot.com/p/RYOBI-ONE-HP-18V-Brushless-Cordless-Compact-Cut-Off-Tool-Tool-Only-PSBCS02B/313438685,119,USD,,10/28/2025,PSBCS02B,,,
https://www.homedepot.com/p/RYOBI-ONE-HP-18V-Brushless-Cordless-Pruner-Tool-Only-P2505BTL/319698531,149,USD,,10/28/2025,P2505BTL,,,
https://www.homedepot.com/p/RYOBI-ONE-HP-18V-Brushless-Cordless-Pruner-with-2-0-Ah-Battery-and-Charger-P2550/319698507,199,USD,,10/28/2025,P2550,,,
https://www.homedepot.com/p/RYOBI-ONE-HP-18V-Brushless-Cordless-Reciprocating-Saw-Kit-with-4-0-Ah-HIGH-PERFORMANCE-Battery-and-Charger-PBLRS01K1/317804025,209,USD,,10/28/2025,PBLRS01K1,,,
https://www.homedepot.com/p/RYOBI-ONE-HP-18V-Cordless-Pet-Stick-Vacuum-Cleaner-Kit-with-4-0-Ah-HIGH-PERFORMANCE-Battery-and-Charger-PBLSV716K/319713490,259,USD,,10/28/2025,PBLSV716K,,,
https://www.homedepot.com/p/RYOBI-ONE-HP-18V-Cordless-SWIFTClean-Carpet-Washer-Tool-Only-w-64-oz-Formula-Gentle-Clean-Brush-and-Deep-Clean-Brush-PBLUV750B-A32S062-A32GBR750-A32DBR750/335953962,357.91,USD,,10/28/2025,A32DBR750,,,
https://www.homedepot.com/p/RYOBI-ONE-HP-18V-Cordless-SWIFTClean-Carpet-Washer-Kit-w-64-oz-Formula-Gentle-Clean-Brush-and-Deep-Clean-Brush-PBLUV750K-A32S062-A32GBR750-A32DBR750/335954120,457.91,USD,,10/28/2025,A32DBR750,,,
https://www.homedepot.com/p/RYOBI-ONE-HP-18V-Cordless-SWIFTClean-Mid-Size-Spot-and-Carpet-Cleaner-Tool-Only-PBLHV704B/324889660,169,USD,,10/28/2025,PBLHV704B,,,
https://www.homedepot.com/p/RYOBI-ONE-HP-18V-Cordless-SWIFTClean-Wet-Dry-Stick-Mop-and-Vacuum-Tool-Only-PBLSV747B/327901588,329,USD,,10/28/2025,PBLSV747B,,,
https://www.homedepot.com/p/RYOBI-ONE-HP-18V-1-4-hp-Cordless-Battery-Powered-Transfer-Pump-with-2-0-Ah-Battery-and-Charger-RY20WP182K/321073813,189,USD,,10/28/2025,RY20WP182K,,,
https://www.homedepot.com/p/RYOBI-ONE-18V-Cordless-Hybrid-LED-Flood-Light-Tool-Only-PCL630B/316584127,61.43,USD,,10/28/2025,PCL630B,,,
https://www.homedepot.com/p/RYOBI-ONE-18V-Cordless-Hybrid-3000-Lumens-LED-Panel-Light-Tool-Only-PCL631B/316548991,89.98,USD,,10/28/2025,PCL631B,,,
https://www.homedepot.com/p/RYOBI-ONE-18V-Cordless-Hybrid-LED-Tripod-Stand-Light-Tool-Only-P782/312860164,139,USD,,10/28/2025,P782,,,
https://www.homedepot.com/p/RYOBI-ONE-18V-Hybrid-LED-Work-Light-Tool-Only-PCL633B/324701924,79,USD,,10/28/2025,PCL633B,,,
https://www.homedepot.com/p/RYOBI-ONE-18V-Hybrid-VERSE-LINK-Stereo-Tool-Only-PCL601B/329062265,199,USD,,10/28/2025,PCL601B,,,
https://www.homedepot.com/p/RYOBI-ONE-18V-14-in-Hybrid-Air-Cannon-Kit-with-2-0-Ah-Battery-and-Charger-PCL813K1/324034068,219,USD,,10/28/2025,PCL813K1,,,
https://www.homedepot.com/p/RYOBI-ONE-18V-Cordless-Hybrid-WHISPER-SERIES-7-1-2-in-Fan-Tool-Only-PCL811B/318754250,59,USD,,10/28/2025,PCL811B,,,
https://www.homedepot.com/p/RYOBI-ONE-18V-Cordless-Hybrid-WHISPER-SERIES-7-1-2-in-Fan-Kit-with-4-0-Ah-Battery-and-Charger-PCL811K1/320639502,89,USD,,10/28/2025,PCL811K1,,,
https://www.homedepot.com/p/RYOBI-ONE-18V-Cordless-Jig-Saw-Tool-Only-PCL525B/318898528,69,USD,,10/28/2025,PCL525B,,,
https://www.homedepot.com/p/RYOBI-ONE-18V-Cordless-Jig-Saw-Kit-with-1-5-Ah-Battery-and-Charger-PCL525K1/320511066,109,USD,,10/28/2025,PCL525K1,,,
https://www.homedepot.com/p/RYOBI-ONE-18V-Cordless-1600A-Jump-Starter-with-LED-Work-Light-Kit-with-2-0-Ah-Battery-and-Charger-P7110/324885787,199,USD,,10/28/2025,P7110,,,
https://www.homedepot.com/p/RYOBI-ONE-18V-LINK-Cordless-3-Gal-Wet-Dry-Vacuum-Tool-Only-PCL734B/320511080,129,USD,,10/28/2025,PCL734B,,,
https://www.homedepot.com/p/RYOBI-ONE-18V-LINK-Cordless-3-Gal-Wet-Dry-Vacuum-Kit-with-4-0-Ah-Battery-and-18V-Charger-PCL734K/323046923,179,USD,,10/28/2025,PCL734K,,,
https://www.homedepot.com/p/RYOBI-ONE-HP-18V-4-0-Ah-HIGH-PERFORMANCE-Battery-2-0-Ah-HIGH-PERFORMANCE-Battery-and-Dual-Port-Charger-Starter-Kit-PSK022/325557976,199,USD,,10/28/2025,PSK022,,,
https://www.homedepot.com/p/RYOBI-ONE-18V-Lithium-Ion-Starter-Kit-with-2-0-Ah-Battery-4-0-Ah-Battery-and-Charger-PSK106SB/327848851,99,USD,,10/28/2025,PSK106SB,,,
https://www.homedepot.com/p/RYOBI-ONE-18V-Cordless-Battery-Lopper-with-2-0-Ah-Battery-and-Charger-P4363/314755624,169,USD,,10/28/2025,P4363,,,
https://www.homedepot.com/p/RYOBI-ONE-18V-Cordless-Multi-Size-Ratchet-Tool-Only-PCL280B/323337327,119,USD,,10/28/2025,PCL280B,,,
https://www.homedepot.com/p/RYOBI-ONE-18V-Cordless-Multi-Size-Ratchet-Kit-with-1-5-Ah-Battery-and-Charger-PCL280K1SB/329966929,89,USD,,10/28/2025,PCL280K1SB,,,
https://www.homedepot.com/p/RYOBI-ONE-18V-Cordless-Oscillating-Multi-Tool-Tool-Only-PCL430B/317987594,79,USD,,10/28/2025,PCL430B,,,
https://www.homedepot.com/p/RYOBI-ONE-18V-Cordless-Oscillating-Multi-Tool-Kit-with-2-0-Ah-Battery-and-Charger-PCL430K1/319962730,79,USD,,10/28/2025,PCL430K1,,,
https://www.homedepot.com/p/RYOBI-ONE-18V-Electric-Cordless-Pruning-Reciprocating-Saw-with-2-0-Ah-Battery-and-Charger-P2530/318832131,89,USD,,10/28/2025,P2530,,,
https://www.homedepot.com/p/RYOBI-ONE-18V-Patio-Cleaner-with-Wire-Brush-Edger-with-2-0-Ah-Battery-and-Charger-P2950/318200724,149,USD,,10/28/2025,P2950,,,
https://www.homedepot.com/p/RYOBI-ONE-18V-Cordless-Battery-Outdoor-Patio-Sweeper-with-2-0-Ah-Battery-and-Charger-P2940/318200689,149,USD,,10/28/2025,P2940,,,
https://www.homedepot.com/p/RYOBI-ONE-18V-Cordless-Performance-Hand-Vacuum-Tool-only-PCL704B/319713507,49.98,USD,,10/28/2025,PCL704B,,,
https://www.homedepot.com/p/RYOBI-ONE-18V-Cordless-Performance-Hand-Vacuum-Kit-with-2-0-Ah-Battery-and-Charger-PCL704K/319713508,99,USD,,10/28/2025,PCL704K,,,
https://www.homedepot.com/p/RYOBI-ONE-18V-Lithium-Ion-Cordless-PEX-Tubing-Clamp-Tool-Tool-Only-P660/305261211,149,USD,,10/28/2025,P660,,,
https://www.homedepot.com/p/RYOBI-ONE-18V-Cordless-Pole-Lopper-with-2-0-Ah-Battery-and-Charger-P2560/319021659,279,USD,,10/28/2025,P2560,,,
https://www.homedepot.com/p/RYOBI-ONE-18V-Handheld-Cordless-Pool-Vacuum-Cleaner-Tool-Only-with-Floor-Head-PCL780B/333000566,149,USD,,10/28/2025,PCL780B,,,
https://www.homedepot.com/p/RYOBI-ONE-18V-Lithium-Ion-Portable-Power-Source-P743/311937362,29.97,USD,,10/28/2025,P743,,,
https://www.homedepot.com/p/RYOBI-ONE-18V-Cordless-Hand-Vacuum-with-Powered-Brush-Tool-Only-PCL700B/319962849,89.97,USD,,10/28/2025,PCL700B,,,
https://www.homedepot.com/p/RYOBI-ONE-18V-Cordless-Precision-Rotary-Tool-Tool-Only-PRT100B/313948579,49.97,USD,,10/28/2025,PRT100B,,,
https://www.homedepot.com/p/RYOBI-ONE-18V-Cordless-Precision-Craft-Rotary-Tool-Kit-with-2-0-Ah-Battery-and-Charger-PRT100K1/318580742,79,USD,,10/28/2025,PRT100K1,,,
https://www.homedepot.com/p/RYOBI-ONE-18V-Cordless-Pruner-Tool-Only-P2504BTL/319736371,99,USD,,10/28/2025,P2504BTL,,,
https://www.homedepot.com/p/RYOBI-ONE-18V-Cordless-Pruner-with-2-0-Ah-Battery-and-Charger-P2540/319050473,149,USD,,10/28/2025,P2540,,,
https://www.homedepot.com/p/RYOBI-ONE-18V-Cordless-Rotary-Tool-Station-Tool-Only-PCL480B/318888257,89,USD,,10/28/2025,PCL480B,,,
https://www.homedepot.com/p/RYOBI-ONE-18V-Speaker-with-Bluetooth-Wireless-Technology-Tool-Only-PAD01B/313961877,89,USD,,10/28/2025,PAD01B,,,
https://www.homedepot.com/p/RYOBI-ONE-18V-Bagless-Cordless-Mesh-Filter-Stick-Vacuum-Cleaner-Tool-Only-PCL720B/321546266,159,USD,,10/28/2025,PCL720B,,,
https://www.homedepot.com/p/RYOBI-ONE-18V-Cordless-Stick-Vacuum-Cleaner-Kit-with-4-0-Ah-Battery-and-Charger-PCL720K/319713476,199,USD,,10/28/2025,PCL720K,,,
https://www.homedepot.com/p/RYOBI-ONE-18V-Cordless-SWIFTClean-Spot-Cleaner-Tool-Only-with-32-oz-OXY-Cleaning-Solution-PCL756B-A32S056/323440312,108.97,USD,,10/28/2025,A32S056,,,
https://www.homedepot.com/p/RYOBI-ONE-18V-Cordless-SWIFTClean-Spot-Cleaner-Kit-with-2-0-Ah-Battery-and-Charger-PCL756K/321298714,149,USD,,10/28/2025,PCL756K,,,
https://www.homedepot.com/p/RYOBI-ONE-18V-Cordless-VERSE-Clamp-Speaker-Kit-with-1-5-Ah-Battery-and-Charger-PCL615K1/323682292,99.97,USD,,10/28/2025,PCL615K1,,,
https://www.homedepot.com/p/RYOBI-ONE-18V-Cordless-VERSE-Clamp-Speaker-2-Pack-Tools-Only-PCL6152P/323682089,99,USD,,10/28/2025,PCL6152P,,,
https://www.homedepot.com/p/RYOBI-6-in-4-Piece-Microfiber-Cleaning-Kit-for-RYOBI-P4500-and-P4510-Scrubber-Tools-A95MFK2/320166634,54.97,USD,,10/28/2025,A95MFK2,,,
https://www.homedepot.com/p/RYOBI-ONE-18V-Cordless-VORTEX-Power-Scrubber-Kit-with-2-0-Ah-Battery-and-Charger-P4510K/316329341,119,USD,,10/28/2025,P4510K,,,
https://www.homedepot.com/p/RYOBI-ONE-18V-Cordless-Soap-Dispensing-Scrubber-Tool-Only-PCL1701B/321954650,169,USD,,10/28/2025,PCL1701B,,,
https://www.homedepot.com/p/RYOBI-ONE-18V-Cordless-Soap-Dispensing-Scrubber-Kit-with-2-0-Ah-Battery-and-Charger-PCL1701K/321954651,199,USD,,10/28/2025,PCL1701K,,,
https://www.homedepot.com/p/RYOBI-ONE-18V-Cordless-Telescoping-Power-Scrubber-Tool-Only-P4500/311738437,119,USD,,10/28/2025,P4500,,,
https://www.homedepot.com/p/RYOBI-ONE-18V-Cordless-Telescoping-Power-Scrubber-Kit-with-2-0-Ah-Battery-and-Charger-P4500K/316329335,169,USD,,10/28/2025,P4500K,,,
https://www.homedepot.com/p/RYOBI-ONE-18V-Cordless-Wet-Dry-Hand-Vacuum-Tool-Only-PCL702B/319962861,74,USD,,10/28/2025,PCL702B,,,
https://www.homedepot.com/p/RYOBI-ONE-18V-Cordless-Wet-Dry-Hand-Vacuum-Kit-with-2-0-Ah-Battery-and-Charger-PCL702K/319962864,89,USD,,10/28/2025,PCL702K,,,
https://www.homedepot.com/p/RYOBI-ONE-18V-Cordless-7-1-2-in-Bucket-Top-Misting-Fan-Kit-with-1-5-Ah-Battery-and-Charger-PCL851K/321850940,99,USD,,10/28/2025,PCL851K,,,
https://www.homedepot.com/p/RYOBI-ONE-18V-Cordless-High-Volume-Inflator-Tool-Only-PCL016B/325910587,39.97,USD,,10/28/2025,PCL016B,,,
https://www.homedepot.com/p/RYOBI-ONE-18V-High-Volume-Inflator-Kit-with-2-0Ah-Battery-and-Charger-PCL016K1/326781673,64.97,USD,,10/28/2025,PCL016K1,,,
https://www.homedepot.com/p/RYOBI-18V-ONE-Cordless-1-Gal-Portable-Horizontal-Air-Compressor-with-120-PSI-Maximum-Pressure-Tool-Only-P739/305269932,149,USD,,10/28/2025,P739,,,
https://www.homedepot.com/p/RYOBI-ONE-18V-18-Gauge-Cordless-AirStrike-Narrow-Crown-Stapler-Tool-Only-P361/315771443,169,USD,315771443,10/28/2025,P361,,,
https://www.homedepot.com/p/RYOBI-ONE-18V-18-Gauge-Cordless-AirStrike-Brad-Nailer-Tool-Only-P321/315855110,99,USD,315855110,10/28/2025,P321,,,
https://www.homedepot.com/p/RYOBI-ONE-18V-AirStrike-16-Gauge-Cordless-Finish-Nailer-Tool-Only-P326/315854773,149,USD,315854773,10/28/2025,P326,,,
https://www.homedepot.com/p/RYOBI-ONE-18V-Cordless-Battery-Lopper-with-2-0-Ah-Battery-and-Charger-P4363/314755624,169,USD,314755624,10/28/2025,P4363,,,
https://www.homedepot.com/p/RYOBI-ONE-18V-5-5in-Cordless-Flooring-Saw-with-Blade-Tool-Only-PGC21B/317310232,169,USD,317310232,10/28/2025,PGC21B,,,
https://www.homedepot.com/p/RYOBI-ONE-HP-18V-Brushless-10-in-Battery-Chainsaw-Tool-Only-P2502BTL/314883500,179,USD,314883500,10/28/2025,P2502BTL,,,
https://www.homedepot.com/p/RYOBI-ONE-18V-13-in-Cordless-Battery-String-Trimmer-Edger-Tool-Only-P20018BTL/319370604,99,USD,319370604,10/28/2025,P20018BTL,,,
https://www.homedepot.com/p/RYOBI-ONE-18V-HIGH-PERFORMANCE-Lithium-Ion-4-0-Ah-Battery-2-Pack-PBP2004/315112817,199,USD,315112817,10/28/2025,PBP2004,,,
https://www.homedepot.com/p/RYOBI-ONE-18V-Cordless-10-in-Variable-Speed-Random-Orbit-Buffer-Tool-Only-PCL465B/320222353,59.97,USD,320222353,10/28/2025,PCL465B,,,
https://www.homedepot.com/p/RYOBI-ONE-HP-18V-Brushless-14-in-Cordless-Battery-Dethatcher-Aerator-with-2-4-0-Ah-Batteries-and-Charger-P2740/317623890,459,USD,317623890,10/28/2025,P2740,,,
https://www.homedepot.com/p/RYOBI-ONE-18V-Cordless-Battery-2-Gal-Chemical-Sprayer-and-Holster-with-Extra-Tank-2-0-Ah-Battery-and-Charger-P28320/312791084,169,USD,312791084,10/28/2025,P28320,,,
https://www.homedepot.com/p/Milwaukee-M18-M12-FUEL-GEN-4-Bit-Holder-49-16-3697/321097900,14.97,USD,321097900,10/28/2025,49-16-3697,,,
https://www.homedepot.com/p/Milwaukee-SHOCKWAVE-3-8-in-Drive-SAE-and-Metric-6-Point-Impact-Socket-Set-43-Piece-49-66-7009/316467306,99,USD,316467306,10/28/2025,49-66-7009,,,
https://www.homedepot.com/p/Milwaukee-M18-M12-HEPA-Wet-Dry-Vacuum-Filter-for-Milwaukee-Models-0880-20-0970-20-0960-20-Vacuums-1-Pack-49-90-1900/203168893,19.97,USD,203168893,10/28/2025,0880-20,0970-20,0960-20,49-90-1900
https://www.homedepot.com/p/Milwaukee-M18-18V-Lithium-Ion-Cordless-10-oz-Caulk-and-Adhesive-Gun-Tool-Only-2641-20/203028010,299,USD,203028010,10/28/2025,2641-20,,,
https://www.homedepot.com/p/Milwaukee-M18-18-Volt-Lithium-Ion-Brushless-Cordless-FORCE-LOGIC-Press-Tool-Kit-with-1-2-in-2-in-Jaws-Kit-6-Jaws-Included-2922-22/313505062,4199,USD,313505062,10/28/2025,2922-22,,,
https://www.homedepot.com/p/Milwaukee-Large-Wet-Dry-Vacuum-Foam-Wet-Filter-for-Milwaukee-Wet-Dry-Shop-Vacuums-1-Pack-49-90-1990/319229164,22.74,USD,319229164,10/28/2025,49-90-1990,,,
https://www.homedepot.com/p/Milwaukee-SHOCKWAVE-Thin-Wall-Hole-Saw-High-Speed-Steel-Kit-3-Piece-49-22-4800/204994424,45.97,USD,204994424,10/28/2025,49-22-4800,,,
https://www.homedepot.com/p/Milwaukee-Electrician-Scissors-with-Extended-Handle-48-22-4049/327756464,24.97,USD,327756464,10/28/2025,48-22-4049,,,
https://www.homedepot.com/p/Milwaukee-Torx-Precision-Screwdriver-Set-6-Piece-48-22-2610/205398193,19.97,USD,205398193,10/28/2025,48-22-2610,,,
https://www.homedepot.com/p/Milwaukee-M18-FUEL-18V-Lithium-Ion-Brushless-Cordless-1-4-in-Hex-Impact-Driver-Tool-Only-2953-20/320326875,179,USD,320326875,10/28/2025,2953-20,,,
https://www.homedepot.com/p/Milwaukee-7-Amp-Corded-1-2-in-Corded-Right-Angle-Drill-Kit-with-Hard-Case-3107-6/100040673,349,USD,100040673,10/28/2025,3107-6,,,
https://www.homedepot.com/p/Milwaukee-Medium-Drain-Line-Kit-with-Rustguard-5-Piece-48-53-2790/303362045,60.75,USD,303362045,10/28/2025,48-53-2790,,,
https://www.homedepot.com/p/Milwaukee-M12-12V-Lithium-Ion-Cordless-Brushless-Rotary-Tool-Tool-Only-2525-20/326190804,149,USD,326190804,10/28/2025,2525-20,,,
https://www.homedepot.com/p/Milwaukee-1-4-in-x-25-ft-Inner-Core-Bulb-Head-Cable-with-Rustguard-for-Drain-Snake-48-53-2563/303362040,59.98,USD,303362040,10/28/2025,48-53-2563,,,
https://www.homedepot.com/p/Milwaukee-M18-FUEL-3-ft-Extension-Attachment-for-Milwaukee-QUIK-LOK-Attachment-System-49-16-2721/308056951,79,USD,308056951,10/28/2025,49-16-2721,,,
https://www.homedepot.com/p/Milwaukee-M12-FUEL-12V-Lithium-Ion-Brushless-Cordless-Stubby-3-8-in-Impact-Wrench-Tool-Only-2562-20/330184776,229,USD,330184776,10/28/2025,2562-20,,,
https://www.homedepot.com/p/Milwaukee-Small-Drain-Line-Kit-with-Rustguard-5-Piece-48-53-2685/303362039,57,USD,303362039,10/28/2025,48-53-2685,,,
https://www.homedepot.com/p/RYOBI-ONE-18V-Fast-Charger-PCG004/319310886,49.97,USD,319310886,10/28/2025,PCG004,,,
https://www.homedepot.com/p/RYOBI-ONE-18V-Cordless-Grass-Shear-and-Shrubber-Trimmer-Tool-Only-P2908BTL/316627698,79,USD,316627698,10/28/2025,P2908BTL,,,
https://www.homedepot.com/p/RYOBI-ONE-18V-Cordless-1-2-in-Drill-Driver-Kit-with-2-1-5-Ah-Batteries-and-Charger-PCL206K2/317987592,99,USD,317987592,10/28/2025,PCL206K2,,,
https://www.homedepot.com/p/RYOBI-ONE-18V-Cordless-Reciprocating-Saw-Tool-Only-PCL515B/317987585,79,USD,317987585,10/28/2025,PCL515B,,,
https://www.homedepot.com/p/RYOBI-ONE-HP-18V-Kit-w-2-4-0-Ah-Batteries-2-0-Ah-Battery-Charger-ONE-HP-Stick-Vacuum-PBLSV716B-PSK108SB/329165461,398,USD,329165461,10/28/2025,PSK108SB,,,
https://www.homedepot.com/p/RYOBI-ONE-18V-Cordless-LED-Light-Tool-Only-PCL660B/316630704,29.97,USD,316630704,10/28/2025,PCL660B,,,
https://www.homedepot.com/p/RYOBI-ONE-HP-18V-Brushless-Cordless-Reciprocating-Saw-Tool-Only-PBLRS01B/314109589,116.64,USD,314109589,10/28/2025,PBLRS01B,,,
https://www.homedepot.com/p/RYOBI-ONE-18V-13-in-Cordless-Battery-String-Trimmer-Edger-with-4-0-Ah-Battery-and-Charger-P20180/319022762,139,USD,319022762,10/28/2025,P20180,,,
https://www.homedepot.com/p/RYOBI-ONE-HP-18V-Brushless-Cordless-AirStrike-21-Framing-Nailer-Tool-Only-PBL345B/320562056,299,USD,320562056,10/28/2025,PBL345B,,,
https://www.homedepot.com/p/RYOBI-ONE-HP-18V-Brushless-Cordless-7-1-4-in-Circular-Saw-Tool-Only-PBLCS302B/331725327,139,USD,331725327,10/28/2025,PBLCS302B,,,
https://www.homedepot.com/p/RYOBI-ONE-HP-18V-Brushless-Cordless-2-Tool-Combo-Kit-with-4-0-Ah-Battery-2-0-Ah-Battery-Charger-and-Bag-PBLCK122K2/330106128,239,USD,330106128,10/28/2025,PBLCK122K2,,,
https://www.homedepot.com/p/RYOBI-ONE-HP-18V-Brushless-Cordless-4-1-2-in-Angle-Grinder-Tool-Only-PBLAG02B/329236767,119,USD,329236767,10/28/2025,PBLAG02B,,,
https://www.homedepot.com/p/RYOBI-ONE-18V-22-in-Lithium-Ion-Cordless-Hedge-Trimmer-Tool-Only-P2609BTL/316628199,99,USD,316628199,10/28/2025,P2609BTL,,,
https://www.homedepot.com/p/RYOBI-ONE-HP-18V-Brushless-24-in-Cordless-Battery-Hedge-Trimmer-Tool-Only-PBLHG01B/331977257,139,USD,331977257,10/28/2025,PBLHG01B,,,
https://www.homedepot.com/p/RYOBI-ONE-18V-Lithium-Ion-Starter-Kit-with-2-0-Ah-Battery-4-0-Ah-Battery-and-Charger-PSK106SB/327848851,99,USD,327848851,10/28/2025,PSK106SB,,,
https://www.homedepot.com/p/RYOBI-1-in-Bulk-Impact-Drive-Bit-Set-31-Piece-A963101/318032960,10.97,USD,318032960,10/28/2025,A963101,,,
https://www.homedepot.com/p/RYOBI-ONE-18V-Cordless-Oscillating-Multi-Tool-Tool-Only-PCL430B/317987594,79,USD,317987594,10/28/2025,PCL430B,,,
https://www.homedepot.com/p/RYOBI-ONE-HP-18V-Brushless-Cordless-1-2-in-Hammer-Drill-Tool-Only-PBLHM101B/314109445,129,USD,314109445,10/28/2025,PBLHM101B,,,
https://www.homedepot.com/p/RYOBI-ONE-18V-Cordless-1-2-in-Drill-Driver-Kit-with-1-1-5-Ah-Battery-and-Charger-PCL206K1/317987598,59,USD,317987598,10/28/2025,PCL206K1,,,
https://www.homedepot.com/p/RYOBI-ONE-18V-Cordless-Battery-1-Gal-Chemical-Sprayer-with-2-0-Ah-Battery-and-Charger-P2810/206339956,109,USD,206339956,10/28/2025,P2810,,,
https://www.homedepot.com/p/RYOBI-ONE-18V-Cordless-Battery-1-Gal-Chemical-Sprayer-Tool-Only-P2800BTL/206485323,109,USD,206485323,10/28/2025,P2800BTL,,,
https://www.homedepot.com/p/RYOBI-ONE-HP-18V-Brushless-Cordless-6-1-2-in-Track-Saw-Kit-with-4-0-Ah-HIGH-PERFORMANCE-Battery-and-Charger-PTS01K/319830384,399,USD,319830384,10/28/2025,PTS01K,,,
